id,first_name,last_name,email,gender,ip_address,visit
1,Sonny,Dahl,sdahl0@mysql.com,Male,135.36.96.183,1225
2,,,dhoovart1@hud.gov,,237.165.194.143,919
3,Gar,Armal,garmal2@technorati.com,,166.43.137.224,271
4,Chiarra,Nulty,cnulty3@newyorker.com,,139.98.137.108,1002
5,,,sleaver4@elegantthemes.com,,46.117.117.27,2434
6,Raymund,Ingerfield,ringerfield5@microsoft.com,,90.100.118.215,451
7,Wilhelmina,Dagnan,wdagnan6@nytimes.com,Female,88.133.77.243,1540
8,,,mdewilde7@creativecommons.org,Female,229.215.244.227,537
9,Gunter,Lisamore,glisamore8@disqus.com,,134.185.44.82,743
10,Luelle,Scinelli,lscinelli9@issuu.com,Female,160.130.58.61,1507
11,Kayne,Charlick,kcharlicka@privacy.gov.au,,32.242.11.185,913
12,,,jmccotterb@ning.com,,180.112.224.129,127
13,Katya,Rewcassell,krewcassellc@dyndns.org,Female,68.203.78.150,661
14,,,gkippied@infoseek.co.jp,,248.75.123.182,1867
15,Felice,Chaffin,fchaffine@shutterfly.com,,25.46.111.146,1917
16,,,wclowleyf@usda.gov,Male,45.37.121.91,1331
17,,,ldickerlineg@youtu.be,Female,177.43.87.9,933
18,Forrester,Randleson,frandlesonh@cnet.com,Male,133.200.143.251,303
19,Rabbi,Lawton,rlawtoni@over-blog.com,Male,227.242.70.247,433
20,Geoff,Scholtz,gscholtzj@google.com.au,,81.31.175.252,810
21,Guendolen,Shemmin,gshemmink@vinaora.com,,71.225.191.59,2982
22,,,jtwistl@cbc.ca,Male,125.95.76.155,1626
23,,,nheepsm@slideshare.net,,194.65.165.56,2482
24,Ann,Irdale,airdalen@pbs.org,,187.123.139.86,76
25,Evelin,Ludgrove,eludgroveo@slate.com,,177.66.83.108,1003
26,Patrica,Cosker,pcoskerp@ed.gov,,33.187.101.57,2976
27,Linda,Rampton,lramptonq@businessweek.com,Female,134.196.180.179,708
28,Damian,Shawl,dshawlr@amazon.co.uk,Male,198.159.170.249,2556
29,Mitchel,Beynkn,mbeynkns@usgs.gov,,213.232.25.221,2507
30,,,fjimpsont@ftc.gov,Female,106.116.178.7,
31,Marwin,Guilliatt,mguilliattu@cdc.gov,Male,29.29.195.151,1096
32,,,lollivierv@csmonitor.com,,192.216.44.95,2959
33,,,cbortolazziw@redcross.org,Male,62.211.45.21,1071
34,,,dsynckex@example.com,,12.7.170.17,327
35,Casi,Harses,charsesy@ft.com,Female,231.212.221.219,2338
36,Jourdan,Barock,jbarockz@ebay.co.uk,,48.154.135.166,1356
37,Bob,Cammock,bcammock10@alexa.com,,68.216.220.101,358
38,Myrtle,Huffadine,mhuffadine11@reference.com,,215.104.187.189,455
39,Harrie,Ughelli,hughelli12@bandcamp.com,Female,127.189.174.165,1417
40,Quinn,Hesse,qhesse13@abc.net.au,,103.249.143.153,1984
41,Phylis,Duffield,pduffield14@microsoft.com,,151.29.128.197,
42,,,welizabeth15@twitpic.com,Female,33.32.239.61,2231
43,,,hrusbridge16@auda.org.au,,236.238.215.118,2195
44,Cullin,Oades,coades17@bandcamp.com,Male,124.67.131.185,2175
45,Filip,O'Lennane,folennane18@behance.net,,185.206.69.199,2196
46,Marlowe,Gilardi,mgilardi19@uol.com.br,Male,122.174.183.193,258
47,,,omilillo1a@moonfruit.com,Male,160.225.253.133,783
48,Hyman,Valentim,hvalentim1b@sohu.com,,47.38.144.39,623
49,,,clarive1c@pbs.org,,136.56.223.95,977
50,,,dgeorger1d@google.com.br,,253.187.63.178,80
51,Cross,Batham,cbatham1e@sogou.com,Male,167.75.36.206,17
52,Giacomo,Laden,gladen1f@shutterfly.com,,78.132.222.73,1472
53,,,sswateridge1g@adobe.com,,18.139.235.174,1517
54,,,cskelhorn1h@ucsd.edu,,242.73.159.107,2392
55,Theobald,Seekings,tseekings1i@surveymonkey.com,,228.22.41.182,2875
56,Gayle,Petchell,gpetchell1j@desdev.cn,Male,54.176.87.111,2699
57,Daniel,Brunini,dbrunini1k@163.com,Male,51.69.198.8,2533
58,Romy,Alastair,ralastair1l@skyrock.com,Female,143.127.21.206,2550
59,Shep,Gover,sgover1m@census.gov,Male,227.141.81.21,
60,Arturo,Pauncefort,apauncefort1n@fastcompany.com,,60.94.229.252,2875
61,Goran,Harbach,gharbach1o@independent.co.uk,Male,42.102.120.201,1477
62,Henryetta,Blare,hblare1p@fema.gov,,176.150.58.42,2919
63,Hoyt,Baroux,hbaroux1q@quantcast.com,,228.183.139.188,1723
64,Gerri,Adamik,gadamik1r@google.it,,113.200.96.8,306
65,,,vbuckie1s@addtoany.com,,201.84.161.69,2091
66,Tyrone,Callendar,tcallendar1t@google.com.au,,184.116.238.78,2389
67,Jose,Benoist,jbenoist1u@exblog.jp,Male,1.69.40.210,693
68,Kathy,Phil,kphil1v@auda.org.au,,127.113.30.163,2076
69,Lucho,Kinsett,lkinsett1w@lulu.com,,209.55.17.175,1396
70,,,gjoel1x@tripadvisor.com,Female,164.55.134.222,2603
71,Miguela,Milne,mmilne1y@dagondesign.com,,67.195.49.53,1360
72,Talyah,Rippingall,trippingall1z@ask.com,,45.165.124.19,1587
73,,,ucarwithim20@zdnet.com,,210.77.125.123,1780
74,Dru,Lucy,dlucy21@berkeley.edu,Female,1.9.214.37,1744
75,Sari,Kinig,skinig22@elpais.com,,221.125.68.178,2260
76,Lucille,Cockayme,lcockayme23@cornell.edu,Female,249.118.73.226,853
77,,,cosborn24@intel.com,,184.80.234.67,641
78,Morna,Fludder,mfludder25@disqus.com,,46.230.52.26,365
79,,,jtrenoweth26@vkontakte.ru,Female,95.163.208.215,1863
80,Estel,Bras,ebras27@ameblo.jp,,109.188.235.136,2442
81,Gertrud,Housego,ghousego28@tinypic.com,Female,1.64.131.5,79
82,Lonnie,Baselio,lbaselio29@harvard.edu,,44.222.77.237,2104
83,,,bcrampsy2a@slashdot.org,,200.126.87.23,2331
84,Marcela,Stoppe,mstoppe2b@ovh.net,,211.58.166.192,2076
85,,,yolivia2c@statcounter.com,,118.157.224.79,1263
86,,,kemanueli2d@army.mil,Female,111.21.126.77,692
87,Juliane,Rapo,jrapo2e@google.es,Female,202.72.249.224,1297
88,Roderick,Plante,rplante2f@blinklist.com,Male,246.72.15.189,577
89,Cammie,Fortin,cfortin2g@imgur.com,,164.201.197.88,1263
90,Aleksandr,Wintle,awintle2h@sitemeter.com,Male,241.185.93.187,2837
91,Paquito,Cartmel,pcartmel2i@yelp.com,,31.131.29.206,1139
92,Ahmad,Reichert,areichert2j@webmd.com,,128.59.119.165,68
93,Rocky,Swatland,rswatland2k@reference.com,,219.197.206.189,1302
94,,,drenehan2l@boston.com,,254.165.188.147,2851
95,,,cabele2m@pinterest.com,Female,97.174.45.196,2435
96,,,jcastellini2n@tiny.cc,,139.171.214.225,1577
97,Kevina,Djuricic,kdjuricic2o@loc.gov,Female,237.172.74.150,508
98,Cameron,Bounds,cbounds2p@admin.ch,,107.198.165.151,574
99,Gretel,Loghan,gloghan2q@utexas.edu,,13.75.154.191,1213
100,Richy,Stolze,rstolze2r@cyberchimps.com,,143.222.40.24,1502
101,Robb,Messruther,rmessruther2s@google.ca,Male,67.99.135.6,1710
102,,,sobrian2t@123-reg.co.uk,,241.84.114.87,223
103,Alyce,Schulter,aschulter2u@reddit.com,,189.240.245.131,2305
104,Zandra,Parlot,zparlot2v@flickr.com,,162.237.171.178,1242
105,Nickolas,Vogl,nvogl2w@hud.gov,,109.139.123.27,1801
106,Spike,Deniso,sdeniso2x@eepurl.com,,81.82.232.127,1182
107,Clerkclaude,Heining,cheining2y@gizmodo.com,Male,191.82.156.13,1661
108,,,rfriese2z@google.fr,,91.33.233.223,1782
109,Seka,Hebbard,shebbard30@pcworld.com,,205.83.253.0,1090
110,Temp,Claworth,tclaworth31@hubpages.com,,193.143.131.27,733
111,Garold,Duval,gduval32@engadget.com,Male,81.237.162.202,2948
112,Hulda,Jerrim,hjerrim33@statcounter.com,,0.112.241.54,2229
113,Torin,Horlock,thorlock34@opera.com,,55.78.247.20,2467
114,Corissa,Martyns,cmartyns35@networksolutions.com,,3.20.252.134,365
115,Sabina,Ruff,sruff36@weibo.com,Female,237.207.140.155,2603
116,,,vjeram37@zimbio.com,,112.253.138.25,1975
117,Emilio,Adami,eadami38@myspace.com,,199.87.187.132,1597
118,Brenn,Sambells,bsambells39@sun.com,Female,232.196.71.121,2431
119,Sheila,Kilbane,skilbane3a@usda.gov,Female,46.169.184.234,139
120,Holly,Bonus,hbonus3b@wix.com,,87.189.107.174,337
121,Giuseppe,Danbi,gdanbi3c@yale.edu,Male,252.150.216.146,2940
122,,,cbumpas3d@amazonaws.com,Female,172.91.225.196,1389
123,Lloyd,Casebourne,lcasebourne3e@godaddy.com,Male,223.129.225.58,2980
124,Alika,Bamlett,abamlett3f@flavors.me,,128.235.79.76,89
125,Susi,Lympenie,slympenie3g@wisc.edu,Female,187.185.2.66,2748
126,Nerti,Barrable,nbarrable3h@mit.edu,Female,128.124.139.163,2650
127,Ford,Queree,fqueree3i@guardian.co.uk,Male,86.212.60.161,2521
128,Truda,Tertre,ttertre3j@redcross.org,Female,19.157.174.22,2657
129,Prentice,Profit,pprofit3k@reddit.com,Male,63.137.87.135,536
130,Dionne,Briamo,dbriamo3l@bbb.org,,224.160.55.211,1843
131,Kingston,Griffin,kgriffin3m@sina.com.cn,Male,44.158.175.28,2310
132,Natty,Argile,nargile3n@barnesandnoble.com,Male,222.58.54.229,2998
133,Von,Reedyhough,vreedyhough3o@wikispaces.com,Male,96.151.163.82,2571
134,Gustavo,Lawles,glawles3p@ted.com,Male,91.203.79.200,339
135,Sarena,Russilll,srussilll3q@tripod.com,,109.142.206.238,1500
136,Wheeler,Carthy,wcarthy3r@prlog.org,,234.193.214.103,1964
137,,,ttoffanelli3s@dmoz.org,,205.28.111.219,2658
138,Miles,Mannion,mmannion3t@va.gov,,90.248.239.67,1728
139,Sofie,Champney,schampney3u@slideshare.net,,40.39.43.57,253
140,Wayland,Fullerd,wfullerd3v@google.com.au,Male,132.201.212.190,1959
141,,,dhopewell3w@google.com.hk,Female,235.187.137.234,448
142,,,jlupson3x@china.com.cn,Female,115.197.191.163,191
143,Oran,Burniston,oburniston3y@whitehouse.gov,Male,245.78.66.37,1356
144,Gracia,Sayes,gsayes3z@phoca.cz,,252.148.169.89,1261
145,Lindsay,Gaynes,lgaynes40@nifty.com,,129.255.228.240,2885
146,Liliane,Rowlin,lrowlin41@nymag.com,Female,166.92.38.237,1035
147,Tallulah,De Filippi,tdefilippi42@furl.net,,233.27.255.245,2877
148,Wilie,Gainfort,wgainfort43@goodreads.com,,7.38.209.48,1554
149,Jessie,Stutte,jstutte44@storify.com,Male,134.249.76.189,4
150,Fina,MacAnespie,fmacanespie45@buzzfeed.com,,1.32.243.89,421
151,,,nmonnoyer46@ucsd.edu,,144.125.219.135,1543
152,Gardie,Leebetter,gleebetter47@globo.com,Male,109.116.21.155,1890
153,Putnam,Woodroofe,pwoodroofe48@nbcnews.com,Male,218.238.26.140,1583
154,,,jruby49@discovery.com,Male,196.161.104.47,133
155,,,aodougherty4a@ucoz.ru,,74.116.77.118,1176
156,Maribel,Medgwick,mmedgwick4b@time.com,,15.54.29.147,535
157,Fraser,Moat,fmoat4c@ameblo.jp,Male,127.37.254.106,2882
158,Adorne,Filipovic,afilipovic4d@ibm.com,,122.87.208.95,525
159,,,kiacovides4e@skyrock.com,,202.144.156.180,1174
160,,,reastgate4f@smh.com.au,,86.10.47.61,2
161,Brinn,Welsh,bwelsh4g@cnbc.com,,187.149.205.118,1882
162,,,ihexham4h@unblog.fr,,60.242.163.193,1275
163,,,jboom4i@sciencedaily.com,,70.129.41.134,1167
164,,,eallsobrook4j@msu.edu,Female,97.69.195.66,588
165,,,ccogan4k@pcworld.com,,104.26.188.87,2377
166,Freddy,Bailie,fbailie4l@feedburner.com,Male,167.59.103.127,2313
167,Dav,Karolewski,dkarolewski4m@trellian.com,Male,244.238.96.25,1008
168,,,jspurritt4n@reuters.com,Female,120.76.209.100,852
169,Windy,Byrde,wbyrde4o@linkedin.com,Female,7.152.206.163,2291
170,,,ckaroly4p@amazon.de,Male,224.205.106.110,2334
171,,,gcurror4q@histats.com,,42.123.148.246,1422
172,Charmion,Sorbie,csorbie4r@wunderground.com,Female,18.67.151.98,2637
173,Aldon,Dourin,adourin4s@comcast.net,,174.77.238.191,2200
174,Rusty,Kift,rkift4t@youtu.be,,191.150.65.174,1408
175,Hamnet,Chevers,hchevers4u@businesswire.com,Male,76.245.176.103,575
176,Elle,Jillins,ejillins4v@jalbum.net,,70.170.33.60,203
177,Gualterio,Eastridge,geastridge4w@stumbleupon.com,Male,120.165.141.234,315
178,Madison,Cymper,mcymper4x@wikipedia.org,Male,250.4.211.85,940
179,Lanita,Emberson,lemberson4y@netvibes.com,,25.224.198.220,453
180,Niccolo,Macconaghy,nmacconaghy4z@weebly.com,,188.14.114.50,1406
181,,,ufidock50@gmpg.org,,13.186.159.26,2378
182,,,ppauling51@merriam-webster.com,Male,98.98.53.79,2696
183,Anni,Townsley,atownsley52@arstechnica.com,Female,230.193.202.85,2139
184,Kelley,Patis,kpatis53@usatoday.com,Female,45.4.58.188,1245
185,Cymbre,Warrack,cwarrack54@cloudflare.com,Female,202.126.165.103,732
186,Celisse,Lowes,clowes55@blogger.com,,131.50.105.46,11
187,Marcello,Lardeur,mlardeur56@mapquest.com,Male,81.145.114.216,1778
188,Constantina,Bartoletti,cbartoletti57@mysql.com,,130.228.253.175,2002
189,,,gbaudains58@ftc.gov,Male,15.13.241.239,2202
190,Hilda,Frotton,hfrotton59@biblegateway.com,Female,154.141.99.25,2850
191,Larry,Elmar,lelmar5a@marketwatch.com,Male,212.224.137.81,1135
192,Amby,Knightley,aknightley5b@cnbc.com,Male,123.148.91.133,2816
193,Codi,Dominicacci,cdominicacci5c@bbb.org,Male,239.19.58.179,484
194,Hallsy,Pyecroft,hpyecroft5d@blogs.com,,210.151.49.220,1285
195,Aurelea,Lamzed,alamzed5e@odnoklassniki.ru,,190.156.25.102,2845
196,Daren,Ferencowicz,dferencowicz5f@purevolume.com,,59.119.8.126,2072
197,Rhianon,Fenich,rfenich5g@163.com,Female,226.215.191.179,1210
198,Bob,McCracken,bmccracken5h@taobao.com,,101.63.49.220,2326
199,Dara,Szymonwicz,dszymonwicz5i@chron.com,,204.181.182.248,2253
200,Cheston,Featherbie,cfeatherbie5j@example.com,Male,167.140.59.229,1117
201,Hattie,Wallage,hwallage5k@arstechnica.com,,35.70.5.77,1225
202,Marvin,Fewlass,mfewlass5l@merriam-webster.com,,128.155.220.151,732
203,Zaria,Stratz,zstratz5m@amazon.co.jp,Female,31.229.35.138,373
204,,,jpudge5n@tripod.com,,213.89.110.56,1173
205,Nicky,Resdale,nresdale5o@xinhuanet.com,,7.14.120.142,2126
206,Deloria,Dorsett,ddorsett5p@mail.ru,,70.57.235.19,656
207,Iosep,Benez,ibenez5q@prweb.com,Male,143.80.179.9,2131
208,Dalt,Crutchfield,dcrutchfield5r@usa.gov,Male,81.238.93.246,
209,,,spriddie5s@slate.com,Male,25.195.130.25,365
210,Jaclyn,Puttick,jputtick5t@gmpg.org,,134.203.246.91,1955
211,Malva,Tootin,mtootin5u@scribd.com,,249.136.133.199,1016
212,Harlan,Richfield,hrichfield5v@sfgate.com,Male,52.145.72.51,581
213,Nikki,MacGill,nmacgill5w@typepad.com,Female,34.238.242.153,1165
214,,,ikubecka5x@patch.com,,173.148.96.103,1134
215,Nowell,Records,nrecords5y@blogtalkradio.com,Male,39.169.199.133,
216,,,ruzielli5z@nature.com,Male,34.201.128.8,794
217,,,fbrice60@nasa.gov,,179.171.156.79,2846
218,,,storns61@wisc.edu,,7.218.109.127,1151
219,,,fjaze62@reverbnation.com,Male,95.105.101.162,1109
220,,,ogodby63@ebay.co.uk,Female,132.254.253.50,732
221,Farah,McCunn,fmccunn64@csmonitor.com,Female,176.169.218.57,2168
222,Pippy,Meyer,pmeyer65@blogs.com,Female,20.140.145.206,821
223,Gene,Skipsey,gskipsey66@shop-pro.jp,Male,158.67.88.33,2807
224,Salmon,Powers,spowers67@webeden.co.uk,Male,152.228.248.140,2321
225,Ephrem,Navarijo,enavarijo68@go.com,Male,197.224.97.204,1030
226,Emmalynne,Crookall,ecrookall69@dell.com,Female,92.25.150.198,529
227,Virgie,Carlino,vcarlino6a@exblog.jp,,185.135.81.5,589
228,Nickola,Scanlon,nscanlon6b@slashdot.org,Male,168.205.43.15,1095
229,,,jdafforne6c@illinois.edu,Male,175.176.153.194,587
230,Hulda,Cordey,hcordey6d@youtu.be,Female,6.33.250.196,920
231,Moll,Bony,mbony6e@google.es,,220.97.9.209,1921
232,Wilone,Branson,wbranson6f@amazon.co.uk,,46.151.30.7,1943
233,Vivi,Hazlehurst,vhazlehurst6g@usa.gov,,154.3.233.245,159
234,Taryn,Chazier,tchazier6h@tiny.cc,Female,14.29.99.202,1597
235,Ashleigh,Leynagh,aleynagh6i@epa.gov,,192.108.125.39,1308
236,,,efeeley6j@imageshack.us,Female,9.5.217.70,1777
237,,,ztorrie6k@altervista.org,Male,48.218.199.16,1947
238,Murielle,Godden,mgodden6l@mac.com,Female,230.15.113.165,2115
239,,,fblagdon6m@princeton.edu,Female,10.116.251.169,670
240,Shanan,Sherme,ssherme6n@fastcompany.com,,164.53.80.183,691
241,,,kmacascaidh6o@nasa.gov,Male,248.23.229.206,1445
242,Pasquale,Cearley,pcearley6p@qq.com,,33.84.121.230,126
243,Dolores,Yeates,dyeates6q@ning.com,,89.74.87.74,1490
244,Dianna,Robottom,drobottom6r@simplemachines.org,,190.145.92.60,2992
245,Pru,McIlheran,pmcilheran6s@omniture.com,,85.250.51.156,1524
246,,,dhelsdon6t@census.gov,,160.33.145.2,1058
247,,,celdridge6u@newsvine.com,,203.234.2.51,1746
248,Patsy,Tyce,ptyce6v@4shared.com,,238.105.114.93,165
249,Maison,Carden,mcarden6w@cyberchimps.com,,104.119.245.249,409
250,Leland,Smogur,lsmogur6x@wordpress.com,,194.63.7.167,1208
251,Barb,Martignon,bmartignon6y@fda.gov,Female,89.192.107.91,861
252,,,mhartwell6z@amazon.com,Female,147.78.90.121,2998
253,Drucy,Jenkerson,djenkerson70@google.cn,,45.109.219.152,2830
254,Lorettalorna,Winterburn,lwinterburn71@stanford.edu,Female,239.185.198.112,942
255,,,bgingle72@salon.com,,162.122.165.65,2054
256,,,jtrubshaw73@whitehouse.gov,,149.158.16.55,2672
257,Fredi,Corkell,fcorkell74@blogger.com,,125.227.206.140,298
258,Pyotr,Walbridge,pwalbridge75@dedecms.com,Male,234.24.6.59,1913
259,Yvonne,Abramamov,yabramamov76@cocolog-nifty.com,,187.81.181.177,2264
260,Westbrooke,Daintier,wdaintier77@yelp.com,Male,85.242.179.184,1593
261,Deni,Southcoat,dsouthcoat78@dyndns.org,Female,189.153.150.130,1932
262,,,lgarmon79@constantcontact.com,Male,253.82.119.44,408
263,Addia,Jakobsson,ajakobsson7a@columbia.edu,Female,254.129.221.229,774
264,,,kdalliwatr7b@vkontakte.ru,Female,203.232.177.116,2261
265,,,cedlin7c@usda.gov,,38.238.58.239,1703
266,,,aspenley7d@addthis.com,Male,127.52.161.112,124
267,,,lfylan7e@wsj.com,Female,192.124.28.59,2119
268,Baily,Cutforth,bcutforth7f@addtoany.com,Male,60.87.28.79,1930
269,,,mmenelaws7g@google.com.br,Female,95.253.160.196,2479
270,Nikolia,Eatock,neatock7h@friendfeed.com,,151.196.44.248,1319
271,Midge,Strapp,mstrapp7i@github.com,,84.79.152.1,900
272,Eamon,Lamball,elamball7j@mayoclinic.com,Male,231.250.246.163,2774
273,,,jbuzine7k@twitter.com,Female,229.98.221.49,2622
274,Jeremy,Latan,jlatan7l@marriott.com,,80.157.217.139,2405
275,Paige,Offord,pofford7m@friendfeed.com,Male,202.95.7.132,1506
276,Thorny,Toft,ttoft7n@businessweek.com,Male,137.78.176.244,22
277,Verile,Aburrow,vaburrow7o@columbia.edu,Female,90.244.14.169,1930
278,,,blobley7p@vistaprint.com,Female,217.193.100.113,2462
279,Rebecca,Begwell,rbegwell7q@multiply.com,,185.121.0.136,2718
280,Inness,Muncie,imuncie7r@yellowpages.com,,84.243.146.204,2693
281,Tanny,Rogeon,trogeon7s@uol.com.br,Male,210.134.224.131,1726
282,Arlinda,Damrell,adamrell7t@sbwire.com,,201.59.121.250,1208
283,Thane,Ronaghan,tronaghan7u@wsj.com,,93.153.17.131,324
284,Berny,Sleeny,bsleeny7v@alexa.com,,159.8.90.216,2687
285,,,jjaimez7w@altervista.org,,247.163.179.120,2189
286,Sayres,Andrault,sandrault7x@scientificamerican.com,,105.56.117.77,1286
287,,,echidler7y@yale.edu,Male,96.238.125.120,657
288,,,bmacginley7z@plala.or.jp,,241.81.131.168,1419
289,,,ckimbly80@discovery.com,,199.19.206.70,1440
290,Matthias,Stit,mstit81@hatena.ne.jp,Male,46.85.128.143,296
291,Idalia,Feak,ifeak82@creativecommons.org,,161.240.21.92,1091
292,,,vosgerby83@shutterfly.com,Female,61.179.157.170,1324
293,Helenelizabeth,Tooting,htooting84@bloomberg.com,,180.165.64.240,1688
294,Johnathan,Carswell,jcarswell85@unicef.org,Male,246.124.138.198,742
295,,,tegerton86@histats.com,Female,165.210.152.190,2365
296,Durante,Cauldfield,dcauldfield87@nih.gov,,75.17.18.175,2432
297,,,lnast88@surveymonkey.com,,73.136.183.245,2393
298,,,sthurman89@ca.gov,,45.155.185.191,2694
299,Arther,Ridgedell,aridgedell8a@prlog.org,Male,225.150.165.149,796
300,Ester,Rickell,erickell8b@timesonline.co.uk,Female,254.53.69.89,991
301,Darbee,Saice,dsaice8c@edublogs.org,Male,96.159.57.205,878
302,,,lfranchyonok8d@cpanel.net,,23.137.64.10,1794
303,,,cgullyes8e@google.ru,Female,223.77.8.105,433
304,,,vchadbourne8f@disqus.com,,212.76.212.143,982
305,Ardyce,Seager,aseager8g@dagondesign.com,,222.148.240.12,1170
306,Nikita,Thowes,nthowes8h@usatoday.com,Male,188.227.102.223,985
307,Mellisent,Fend,mfend8i@rakuten.co.jp,Female,201.28.241.150,2849
308,Hamil,Wasteney,hwasteney8j@360.cn,Male,197.237.73.150,700
309,Kurt,Spoerl,kspoerl8k@archive.org,,98.35.219.103,1592
310,,,nhiggoe8l@w3.org,,192.172.191.217,2297
311,Ronalda,Shetliff,rshetliff8m@tmall.com,Female,183.53.104.168,1779
312,Krishnah,Toffts,ktoffts8n@furl.net,,136.138.115.47,236
313,Pattin,Senett,psenett8o@indiatimes.com,Male,212.14.143.61,2909
314,Abbie,Extence,aextence8p@samsung.com,Female,217.114.20.189,2126
315,,,smcmychem8q@google.com,,3.14.38.209,1455
316,Nerissa,Lapre,nlapre8r@tinyurl.com,,122.152.32.1,2826
317,Peterus,Black,pblack8s@topsy.com,,154.117.255.170,119
318,Lindie,Jocic,ljocic8t@yandex.ru,,237.166.121.240,2597
319,,,jfrancey8u@upenn.edu,Male,91.53.234.82,1186
320,,,askehan8v@godaddy.com,,189.47.116.243,2231
321,Herminia,Goodayle,hgoodayle8w@tripod.com,,230.234.184.63,1391
322,,,mtouzey8x@ebay.co.uk,,184.192.207.242,2155
323,Leora,Driussi,ldriussi8y@4shared.com,,67.205.56.238,433
324,,,cklaffs8z@nature.com,,226.136.1.173,1294
325,Kimberlyn,Kleinzweig,kkleinzweig90@youtube.com,Female,148.172.115.175,851
326,Berti,Pencost,bpencost91@biblegateway.com,Male,0.54.178.242,369
327,Dylan,Leggis,dleggis92@mozilla.com,Male,100.4.162.229,2464
328,Jaquith,Torrejon,jtorrejon93@hexun.com,Female,81.216.234.30,1987
329,Gillie,Fullagar,gfullagar94@marriott.com,Female,245.23.0.79,2157
330,,,hblethyn95@toplist.cz,,149.59.109.224,2556
331,Shawn,Slevin,sslevin96@gov.uk,,85.169.157.68,1506
332,Jesselyn,Claige,jclaige97@sitemeter.com,Female,80.44.3.86,1600
333,Elton,McRory,emcrory98@dedecms.com,,29.51.241.207,1579
334,Elmo,Izkovitch,eizkovitch99@sfgate.com,Male,79.88.170.182,210
335,Cindi,Bleyman,cbleyman9a@comcast.net,,60.76.140.104,2201
336,Stephanie,Teasey,steasey9b@wikipedia.org,,196.220.210.43,1106
337,Isabella,Dudden,idudden9c@hc360.com,,123.18.20.37,888
338,Sandie,Ivanonko,sivanonko9d@webs.com,Female,203.212.163.128,2732
339,Hadley,Bollans,hbollans9e@ask.com,,18.101.161.203,2941
340,Gwenore,Ferson,gferson9f@irs.gov,,68.40.8.251,1344
341,,,cchappel9g@webmd.com,,133.238.148.134,2331
342,Stavro,Oldall,soldall9h@buzzfeed.com,Male,166.61.59.69,805
343,Moises,Sneden,msneden9i@acquirethisname.com,Male,131.145.143.79,2644
344,Dulcy,Crump,dcrump9j@deliciousdays.com,,223.237.192.220,1368
345,Eulalie,Phelps,ephelps9k@china.com.cn,Female,105.3.131.115,2730
346,,,lhallowes9l@dell.com,Male,22.18.82.18,
347,,,tbazley9m@qq.com,Male,31.87.81.138,531
348,Faythe,Biaggetti,fbiaggetti9n@amazon.de,,2.121.173.165,1323
349,Arie,Longfut,alongfut9o@wikispaces.com,Male,217.254.129.63,835
350,Winslow,Durbin,wdurbin9p@taobao.com,Male,148.70.35.49,1187
351,,,mscruby9q@1und1.de,,44.184.220.164,2380
352,Elysha,McKinie,emckinie9r@foxnews.com,,25.176.128.69,2013
353,Merle,Dockwra,mdockwra9s@seesaa.net,,162.93.239.64,2198
354,,,eloiseau9t@flickr.com,,177.225.52.185,1765
355,Bob,Davenhill,bdavenhill9u@dagondesign.com,Male,253.162.215.183,852
356,Gunner,Bambrugh,gbambrugh9v@livejournal.com,,12.251.132.145,468
357,Elnore,Willison,ewillison9w@acquirethisname.com,Female,196.95.166.228,1278
358,Rosalynd,Kemmey,rkemmey9x@globo.com,,15.108.126.158,1141
359,Roxanne,Karys,rkarys9y@domainmarket.com,Female,248.9.66.38,843
360,Dorothy,Daintrey,ddaintrey9z@nasa.gov,,183.159.139.99,1868
361,,,jaspraya0@cbc.ca,,64.1.213.54,666
362,Jeannie,Fellgate,jfellgatea1@google.co.jp,,173.181.124.125,1992
363,Aurelea,Nunn,anunna2@meetup.com,Female,155.231.127.121,2771
364,Billy,Galiero,bgalieroa3@dion.ne.jp,,177.124.144.116,946
365,,,ldeea4@joomla.org,Male,66.233.240.44,2421
366,Tailor,Farriar,tfarriara5@senate.gov,Male,207.194.3.96,2858
367,Gloria,Wallworke,gwallworkea6@blinklist.com,,122.86.119.90,2623
368,Sapphire,Triggs,striggsa7@nydailynews.com,,71.0.48.112,2237
369,Tabor,Boath,tboatha8@squidoo.com,Male,84.135.39.142,176
370,Zechariah,Speakman,zspeakmana9@unblog.fr,Male,101.1.199.218,2620
371,Geraldine,Kevane,gkevaneaa@symantec.com,,83.165.25.51,2299
372,,,rtarbettab@t.co,Male,151.128.246.183,1894
373,Laurel,Kayne,lkayneac@cafepress.com,,127.233.177.11,1761
374,Rina,Bentson,rbentsonad@lycos.com,Female,145.84.189.26,2725
375,Wain,Gulliver,wgulliverae@soup.io,,157.226.207.91,
376,Gwenette,Beagles,gbeaglesaf@posterous.com,,167.239.6.49,2102
377,Rowland,Burchill,rburchillag@indiegogo.com,Male,198.236.243.189,2149
378,Joshua,Ablewhite,jablewhiteah@pagesperso-orange.fr,Male,14.236.120.118,586
379,,,dcrowchai@umn.edu,,46.21.91.169,2416
380,Vassily,Messier,vmessieraj@acquirethisname.com,Male,9.51.244.60,2141
381,,,mgossipinak@zimbio.com,,215.239.175.6,1012
382,Maiga,Lorrie,mlorrieal@t-online.de,Female,61.12.28.46,1611
383,,,kdagworthyam@purevolume.com,,66.247.56.101,885
384,Katlin,Ruter,kruteran@youtu.be,Female,123.228.69.18,1027
385,Edee,Caine,ecaineao@phpbb.com,Female,90.34.89.67,564
386,Hasheem,Prandini,hprandiniap@fastcompany.com,Male,182.103.10.85,2475
387,Zed,Terrill,zterrillaq@ucoz.com,,46.108.31.185,1189
388,Floyd,Shugg,fshuggar@mashable.com,,226.203.193.170,1304
389,,,mcourvertas@reddit.com,,99.217.113.17,2160
390,Bealle,Curston,bcurstonat@cnet.com,,163.129.224.197,2875
391,,,acockramau@simplemachines.org,Female,246.43.71.120,2094
392,Pen,Erskine Sandys,perskinesandysav@thetimes.co.uk,Female,55.130.255.114,2773
393,Shae,Cuppitt,scuppittaw@guardian.co.uk,,20.43.90.170,2652
394,Richardo,Elliman,rellimanax@123-reg.co.uk,,52.24.49.15,1223
395,Vite,Scarsbrook,vscarsbrookay@google.cn,,72.202.192.183,2149
396,Veronique,Angell,vangellaz@google.ru,Female,2.10.239.29,698
397,Helga,Hullock,hhullockb0@deliciousdays.com,Female,179.234.42.30,2286
398,,,ohenrychb1@paginegialle.it,Female,50.133.112.237,2743
399,Ray,Leband,rlebandb2@alexa.com,Male,170.86.240.21,880
400,,,fcostellob3@mit.edu,,108.225.187.183,130
401,Lauree,Sinton,lsintonb4@infoseek.co.jp,Female,43.104.186.6,2588
402,Elfrida,Maric,emaricb5@jigsy.com,,192.72.55.240,2430
403,Concordia,Pinniger,cpinnigerb6@ftc.gov,,180.104.204.159,2265
404,,,cfrigotb7@kickstarter.com,,35.33.205.242,2187
405,Ezekiel,Kuhnel,ekuhnelb8@pagesperso-orange.fr,Male,111.94.238.141,1571
406,Alessandro,Van de Vlies,avandevliesb9@addthis.com,,155.136.157.165,1118
407,,,akennefordba@cnbc.com,,238.147.202.119,
408,Madeleine,Yushin,myushinbb@mapy.cz,,245.196.176.177,343
409,Carolin,Flann,cflannbc@usnews.com,Female,68.242.78.98,1028
410,,,gellermanbd@unc.edu,,88.250.163.17,596
411,Shauna,Monget,smongetbe@virginia.edu,Female,29.249.104.209,2632
412,,,nanfussobf@china.com.cn,Male,78.51.99.45,2547
413,Celestine,Graysmark,cgraysmarkbg@mail.ru,Female,224.151.184.191,2838
414,Marquita,Cutcliffe,mcutcliffebh@about.me,,63.108.34.79,2584
415,Cam,Maudson,cmaudsonbi@shinystat.com,,168.98.58.134,2962
416,Ozzy,Mellody,omellodybj@wix.com,Male,86.146.213.173,1766
417,,,ikaplanbk@blog.com,,135.197.17.99,1007
418,,,amennearbl@elpais.com,Male,159.69.36.39,1801
419,Uriah,Meardon,umeardonbm@360.cn,,85.56.119.89,2893
420,Marybelle,Goldthorp,mgoldthorpbn@huffingtonpost.com,,33.204.253.211,1569
421,Stepha,Papes,spapesbo@istockphoto.com,,117.176.118.163,1395
422,Skip,Mahaffey,smahaffeybp@house.gov,,16.54.244.201,278
423,Christoph,Ciementini,cciementinibq@princeton.edu,Male,52.86.63.173,1548
424,Othilia,Hurdman,ohurdmanbr@google.com.au,,182.104.8.5,613
425,Elliot,Stacy,estacybs@google.nl,Male,50.88.175.106,
426,,,dcoggeshallbt@rediff.com,Female,17.193.244.2,653
427,Gabby,Hakonsson,ghakonssonbu@nymag.com,Male,227.86.25.113,430
428,,,sspellarbv@deviantart.com,Male,60.8.17.220,2790
429,Pandora,Bamblett,pbamblettbw@cbc.ca,Female,245.195.190.92,1526
430,Clevey,Whatsize,cwhatsizebx@yolasite.com,Male,254.109.20.235,1272
431,Sigfrid,Ferry,sferryby@example.com,Male,25.82.124.210,1929
432,Antonella,Lembke,alembkebz@printfriendly.com,Female,82.52.47.22,
433,Bald,Leuchars,bleucharsc0@usatoday.com,Male,70.117.200.75,1075
434,,,aneesamc1@over-blog.com,,237.173.118.99,1319
435,,,nmacilriachc2@omniture.com,Male,104.111.136.92,2270
436,Lin,Bazeley,lbazeleyc3@unesco.org,,103.191.68.42,1691
437,,,dferfullec4@google.ru,,254.97.146.213,444
438,Zabrina,Brodley,zbrodleyc5@twitpic.com,,204.115.68.227,852
439,Hakeem,Cicerone,hciceronec6@ucoz.com,Male,198.55.17.179,434
440,Abigale,Greatrex,agreatrexc7@deliciousdays.com,Female,43.53.56.104,1872
441,Charline,Eat,ceatc8@eventbrite.com,Female,248.15.18.192,772
442,Toby,Grayshan,tgrayshanc9@last.fm,Male,66.227.32.239,177
443,Cosme,Grishinov,cgrishinovca@exblog.jp,,79.153.46.76,2658
444,Ulises,Labba,ulabbacb@hhs.gov,,45.28.95.199,797
445,,,ekoselcc@canalblog.com,Female,226.150.183.35,2501
446,Hart,Matushevich,hmatushevichcd@unc.edu,,161.77.194.19,1485
447,,,mmarsce@narod.ru,,49.53.8.82,2488
448,Chariot,Mellonby,cmellonbycf@networksolutions.com,,75.207.113.168,653
449,,,mbonnycg@cloudflare.com,,130.241.106.161,1349
450,,,abeltch@virginia.edu,,190.196.193.65,1283
451,,,vmalimoeci@unicef.org,,133.194.244.196,1505
452,Marty,Killwick,mkillwickcj@plala.or.jp,Female,70.192.20.73,686
453,Nehemiah,Chansonnau,nchansonnauck@hhs.gov,,64.160.102.15,2749
454,Jany,Densun,jdensuncl@github.com,,80.186.174.11,927
455,,,aiianoncm@comsenz.com,,236.5.202.105,204
456,,,mworlidgecn@fc2.com,Male,195.44.23.86,1638
457,,,wposthillco@slashdot.org,Male,57.5.254.78,509
458,,,kdelascycp@sfgate.com,Male,148.125.38.94,501
459,Kevin,Mallinson,kmallinsoncq@imageshack.us,,81.225.39.210,1223
460,Waly,Piper,wpipercr@gov.uk,Female,113.111.13.24,2609
461,Gerri,Wands,gwandscs@blogger.com,,143.7.26.226,1977
462,Georgine,Hotchkin,ghotchkinct@theatlantic.com,Female,160.25.63.63,12
463,Fredek,Rottcher,frottchercu@alibaba.com,,157.1.131.203,2191
464,,,jjellicocv@over-blog.com,Male,156.101.179.58,358
465,Godfree,Pasque,gpasquecw@desdev.cn,,174.255.17.147,1004
466,Carlota,Bearfoot,cbearfootcx@4shared.com,Female,148.189.220.192,730
467,Tiena,Daffern,tdafferncy@mayoclinic.com,Female,78.151.133.169,2446
468,Kaycee,Danilyak,kdanilyakcz@sogou.com,Female,123.222.222.12,2440
469,Tibold,Liepins,tliepinsd0@xrea.com,,117.251.18.60,2622
470,Gertruda,O'Sullivan,gosullivand1@yolasite.com,Female,13.219.204.16,658
471,Rabbi,Lunney,rlunneyd2@ca.gov,,93.255.154.190,2288
472,Eddy,Linklet,elinkletd3@github.com,Male,90.203.196.15,1579
473,Sigismundo,Mulqueen,smulqueend4@phpbb.com,,124.83.160.38,2980
474,Mata,Vlahos,mvlahosd5@biblegateway.com,Male,23.232.42.142,1031
475,Allister,Stanborough,astanboroughd6@washingtonpost.com,Male,99.117.207.8,
476,,,jszanthod7@redcross.org,Male,181.200.179.238,1775
477,Garrik,Wannan,gwannand8@unblog.fr,,252.105.251.206,1472
478,Cyril,Delgardillo,cdelgardillod9@issuu.com,Male,210.199.130.60,1094
479,Stephani,Cawthron,scawthronda@webs.com,Female,29.50.161.203,1150
480,,,ngatedb@berkeley.edu,Female,249.103.16.158,1809
481,Tades,Botcherby,tbotcherbydc@hhs.gov,Male,85.1.120.127,2319
482,Dorry,Egginson,degginsondd@parallels.com,,220.37.22.213,1232
483,Bonni,Rosenthaler,brosenthalerde@mozilla.org,,94.23.143.148,218
484,Analiese,Schult,aschultdf@canalblog.com,,246.178.1.8,1050
485,,,bgarritleydg@tinypic.com,Female,83.84.143.24,1089
486,Leif,Brunroth,lbrunrothdh@fotki.com,,120.185.41.26,1813
487,Hedi,Cutting,hcuttingdi@utexas.edu,Female,39.106.173.234,2452
488,,,ssebastiandj@cornell.edu,Male,141.39.198.39,
489,Seth,Livezley,slivezleydk@bing.com,,139.65.22.5,1531
490,,,kseydlitzdl@virginia.edu,,193.209.206.55,2117
491,Tris,Cullagh,tcullaghdm@skyrock.com,Male,23.118.107.92,294
492,,,gbelhamdn@twitter.com,Male,7.194.4.77,1199
493,Sancho,Attock,sattockdo@live.com,Male,110.220.242.115,124
494,Whitney,Youell,wyouelldp@npr.org,Female,35.118.63.126,1660
495,Bran,Bines,bbinesdq@t-online.de,Male,131.189.28.17,2834
496,Marcie,Franscioni,mfranscionidr@google.com.br,,18.59.116.8,1568
497,Teodoor,Yacobsohn,tyacobsohnds@nymag.com,,161.172.154.245,537
498,,,sdanettdt@scientificamerican.com,Female,221.246.180.55,1322
499,Joleen,Tenpenny,jtenpennydu@marketwatch.com,,44.86.213.103,2473
500,Riki,Ramage,rramagedv@rambler.ru,Female,219.217.194.64,1569
501,,,crubkedw@blogtalkradio.com,Female,53.239.153.74,1508
502,Astrix,Lowcock,alowcockdx@princeton.edu,,1.146.208.75,1067
503,,,fmallisondy@skype.com,Female,247.160.162.79,2552
504,Matias,Hylands,mhylandsdz@friendfeed.com,,55.164.151.216,685
505,Maryellen,Culham,mculhame0@histats.com,Female,117.21.145.34,1835
506,Linnet,Frie,lfriee1@ameblo.jp,,19.97.50.85,1774
507,Johna,Sturton,jsturtone2@chron.com,,212.26.117.70,532
508,Tabb,Whiston,twhistone3@answers.com,Male,84.53.75.198,114
509,,,tlangthornee4@nba.com,Female,223.69.15.250,2759
510,Chance,Larham,clarhame5@deviantart.com,Male,165.34.78.255,119
511,,,elundye6@homestead.com,Male,182.198.224.80,2747
512,Kattie,McTurk,kmcturke7@blogs.com,,73.11.190.210,529
513,Janek,Holsall,jholsalle8@wisc.edu,,123.151.166.233,1220
514,Mildrid,Rewcastle,mrewcastlee9@eventbrite.com,Female,209.50.47.134,1029
515,Leonardo,Innot,linnotea@privacy.gov.au,,119.187.227.30,838
516,Luella,MacVicar,lmacvicareb@adobe.com,Female,154.215.228.82,691
517,Brewer,Paulitschke,bpaulitschkeec@mashable.com,,243.244.121.234,1829
518,,,apaffetted@cnbc.com,Male,142.35.51.241,776
519,Benjy,Veneur,bveneuree@vinaora.com,,204.151.59.182,2737
520,Melvin,Gaunson,mgaunsonef@google.nl,Male,37.11.29.31,2866
521,,,alunoeg@sakura.ne.jp,,141.134.242.115,2506
522,Millicent,De Freitas,mdefreitaseh@hugedomains.com,Female,213.246.36.93,652
523,,,ubourthouloumeei@cam.ac.uk,Male,181.161.161.8,922
524,,,tmaypoleej@cocolog-nifty.com,Female,255.223.95.17,2741
525,Ozzie,MacNeish,omacneishek@wikia.com,Male,143.39.187.109,268
526,Avrit,Wilcinskis,awilcinskisel@mit.edu,Female,23.229.82.36,2490
527,,,cerlamem@jalbum.net,,6.57.71.188,2964
528,Aarika,Baldcock,abaldcocken@tumblr.com,,42.68.161.152,1559
529,,,epledgereo@goo.gl,,124.82.100.204,1691
530,Feliks,Bonnesen,fbonnesenep@wunderground.com,,234.134.141.56,1842
531,,,eomullallyeq@intel.com,Female,85.75.189.78,1640
532,Nicholle,Merrill,nmerriller@ameblo.jp,,176.58.197.154,653
533,,,hpecholdes@netvibes.com,,231.115.78.36,864
534,Hilary,Vallow,hvallowet@amazonaws.com,,0.103.55.151,2059
535,Clarey,Writtle,cwrittleeu@dmoz.org,,247.242.139.242,1584
536,,,mlindenblattev@google.es,,119.208.75.92,2525
537,Konstantin,Farnan,kfarnanew@cyberchimps.com,Male,204.87.128.60,738
538,Roxie,Durman,rdurmanex@gov.uk,Female,205.57.83.236,2286
539,Beverie,Mc-Kerley,bmckerleyey@devhub.com,,250.42.169.255,368
540,Corny,Seeler,cseelerez@symantec.com,,49.86.141.227,2182
541,,,psnuggf0@people.com.cn,,9.94.189.25,1507
542,,,chaggartf1@kickstarter.com,Male,63.218.115.72,1915
543,Buckie,Attard,battardf2@mysql.com,Male,92.179.34.51,797
544,Rubi,Borrett,rborrettf3@apple.com,,222.40.136.189,2277
545,Jilli,Sommerscales,jsommerscalesf4@purevolume.com,Female,58.172.94.108,313
546,Mata,Spinige,mspinigef5@booking.com,Male,195.73.246.242,338
547,Yorker,Holsey,yholseyf6@vinaora.com,Male,187.170.90.32,1
548,,,bmacpaikf7@spotify.com,,99.210.239.33,1413
549,Darya,Tweede,dtweedef8@facebook.com,Female,75.204.131.38,2472
550,Marline,Eade,meadef9@nifty.com,,5.129.105.130,1770
551,Gabi,Odo,godofa@blogspot.com,Female,162.41.205.247,815
552,Wilbur,Cancelier,wcancelierfb@baidu.com,Male,148.217.217.239,2692
553,Lorelle,Croxall,lcroxallfc@cbsnews.com,Female,225.93.217.57,981
554,Cassi,Shieber,cshieberfd@bloglovin.com,Female,70.32.166.3,2175
555,Willdon,Georgeau,wgeorgeaufe@cocolog-nifty.com,Male,12.179.52.126,2540
556,Brittne,Sleith,bsleithff@quantcast.com,,151.26.18.128,2599
557,Janetta,Sabater,jsabaterfg@surveymonkey.com,Female,90.182.31.69,1873
558,Tucky,Whaplington,twhaplingtonfh@ed.gov,Male,66.63.68.206,2428
559,Wyndham,Wonfar,wwonfarfi@time.com,Male,39.123.189.38,467
560,,,fbartolomeottifj@mlb.com,,30.185.168.233,2520
561,Gretna,Newlove,gnewlovefk@tuttocitta.it,Female,55.109.198.17,1262
562,,,dfrangletonfl@exblog.jp,Female,146.90.24.113,1976
563,Ibrahim,Scholfield,ischolfieldfm@slashdot.org,,20.45.244.239,2649
564,Thorsten,Jepp,tjeppfn@flickr.com,,119.139.86.212,1152
565,Natalya,Hunnawill,nhunnawillfo@ameblo.jp,Female,204.112.104.193,840
566,,,krickcordfp@cnbc.com,,202.75.159.78,1881
567,Shaylyn,Gainsbury,sgainsburyfq@ihg.com,Female,149.103.122.146,230
568,Virgil,Bramford,vbramfordfr@msu.edu,Male,12.186.126.139,1962
569,Whitaker,Greiswood,wgreiswoodfs@sourceforge.net,Male,136.132.94.234,383
570,,,fmanuelft@intel.com,,253.140.102.124,1693
571,,,torringfu@ebay.co.uk,,112.26.12.28,514
572,,,ehollingbyfv@dmoz.org,Male,115.126.235.133,1204
573,,,eredishfw@google.co.uk,,221.215.139.117,2210
574,Katharyn,Darkott,kdarkottfx@jugem.jp,,204.20.191.171,2333
575,Bernie,Wyke,bwykefy@macromedia.com,Female,44.23.180.31,
576,Noel,Gorce,ngorcefz@scientificamerican.com,,56.54.218.41,425
577,,,ppunshong0@soundcloud.com,Male,234.174.140.56,146
578,Lambert,Tilston,ltilstong1@bbc.co.uk,Male,76.153.203.121,547
579,Bonnie,Ruoss,bruossg2@google.com,,72.193.212.93,
580,Griffith,Cleere,gcleereg3@wp.com,Male,99.26.222.95,2908
581,Mort,Foulgham,mfoulghamg4@umich.edu,,198.54.20.183,
582,Anastassia,Radolf,aradolfg5@merriam-webster.com,Female,41.34.14.217,2287
583,,,tloobyg6@ask.com,Female,103.31.11.196,1986
584,Launce,Fronczak,lfronczakg7@soundcloud.com,,8.8.210.43,944
585,Lyell,Piser,lpiserg8@economist.com,Male,63.248.83.137,849
586,Carmella,Testin,ctesting9@hao123.com,,229.18.92.127,792
587,Alfy,Dzenisenka,adzenisenkaga@infoseek.co.jp,,23.46.108.112,1413
588,Freddie,Penn,fpenngb@elpais.com,,253.69.10.239,470
589,,,tlayburngc@amazon.com,Female,116.195.130.100,1294
590,Nevsa,McGraffin,nmcgraffingd@bluehost.com,Female,160.124.236.218,1466
591,Selie,Reiling,sreilingge@blogger.com,,44.20.56.110,216
592,Gothart,McCaffrey,gmccaffreygf@ucsd.edu,,201.233.15.88,2657
593,Randy,Obern,roberngg@washingtonpost.com,Female,192.135.53.104,1420
594,,,zdunniomgh@woothemes.com,Female,35.229.214.252,538
595,,,mdrabblegi@bloglines.com,Male,251.127.29.218,2559
596,Florance,Keasey,fkeaseygj@t-online.de,Female,169.215.216.160,367
597,,,rskiggsgk@sourceforge.net,,30.116.165.55,1059
598,Marcela,Snoding,msnodinggl@jugem.jp,,123.152.159.117,2296
599,Mela,Insko,minskogm@wp.com,,133.189.137.79,2738
600,Cornelius,Pickersail,cpickersailgn@over-blog.com,Male,229.22.131.106,421
601,,,mschrirengo@com.com,Female,155.243.90.53,1081
602,Luce,Tock,ltockgp@multiply.com,Male,47.61.209.246,495
603,Linet,Monro,lmonrogq@clickbank.net,,21.51.186.93,965
604,,,erosenfeldgr@statcounter.com,Female,77.25.131.74,2488
605,,,eellerygs@imageshack.us,Male,154.9.196.182,2700
606,Mariquilla,Gendricke,mgendrickegt@rambler.ru,,66.49.233.179,
607,Mathew,Featherstonhaugh,mfeatherstonhaughgu@economist.com,,17.48.127.43,2758
608,Ricardo,Derl,rderlgv@ucoz.ru,Male,212.41.87.210,2947
609,,,bjantongw@spotify.com,,28.209.131.234,180
610,,,wboswellgx@creativecommons.org,Female,107.145.8.54,2860
611,Morganne,Heinke,mheinkegy@nytimes.com,,192.81.116.37,1062
612,Lazar,Nuzzti,lnuzztigz@123-reg.co.uk,Male,151.74.91.25,2848
613,,,bmcgarveyh0@gmpg.org,Male,92.146.41.216,1880
614,Sanson,Feronet,sferoneth1@scientificamerican.com,,59.83.188.182,1126
615,Lauri,Smoote,lsmooteh2@networksolutions.com,Female,247.211.29.164,2859
616,Lorrin,Pencot,lpencoth3@marriott.com,Female,34.195.130.58,1468
617,,,lkeyteh4@huffingtonpost.com,,150.135.0.141,2591
618,,,cdahmkeh5@i2i.jp,,41.245.176.195,
619,Kirbee,Lansberry,klansberryh6@google.com,,241.96.244.141,693
620,Cassy,Huddles,chuddlesh7@deliciousdays.com,Female,166.211.118.189,887
621,Joletta,Bee,jbeeh8@friendfeed.com,,0.249.27.101,1085
622,Bartolomeo,Crosthwaite,bcrosthwaiteh9@auda.org.au,Male,232.86.64.171,1770
623,,,mscurrellha@goodreads.com,Female,70.119.126.255,825
624,Rafaela,Adriaens,radriaenshb@unblog.fr,,7.143.118.254,572
625,Alena,Jewett,ajewetthc@amazon.com,,63.97.12.135,980
626,Eberto,Corlett,ecorletthd@hibu.com,Male,105.17.239.77,2015
627,Zerk,Dolder,zdolderhe@i2i.jp,,233.167.154.152,416
628,,,nhuckshf@nih.gov,,143.176.147.156,1410
629,Pat,Labarre,plabarrehg@noaa.gov,Male,5.155.226.30,1027
630,Phaedra,Copas,pcopashh@java.com,,147.71.148.254,1631
631,Alexis,Gellan,agellanhi@uiuc.edu,,231.75.4.186,182
632,,,fkermonhj@foxnews.com,Female,185.142.31.174,2248
633,,,ewolfordhk@xinhuanet.com,Female,24.169.174.27,2880
634,Elena,Joysey,ejoyseyhl@blogs.com,,135.144.104.204,209
635,,,cbreartyhm@gmpg.org,Female,151.182.107.190,48
636,Herc,Wheal,hwhealhn@un.org,,32.233.131.3,2082
637,Kenna,Casacchia,kcasacchiaho@bandcamp.com,,126.120.204.169,809
638,Ely,Coslett,ecosletthp@state.tx.us,Male,15.142.177.152,1035
639,Martin,Caley,mcaleyhq@businesswire.com,,255.222.84.27,1544
640,Merola,Knolles-Green,mknollesgreenhr@simplemachines.org,,17.225.58.251,1013
641,Ronica,Scholer,rscholerhs@newyorker.com,,76.86.50.180,2684
642,Gui,Beamiss,gbeamissht@i2i.jp,Female,244.3.244.121,549
643,Alix,Whitwam,awhitwamhu@fema.gov,Male,208.85.15.245,2067
644,Lancelot,Teresia,lteresiahv@usnews.com,Male,154.14.198.12,613
645,Niki,Wisker,nwiskerhw@adobe.com,Male,136.18.144.189,2014
646,Roz,de Werk,rdewerkhx@histats.com,,189.26.54.8,317
647,Shell,Domotor,sdomotorhy@sitemeter.com,,252.167.166.220,1696
648,Shannen,Haworth,shaworthhz@jiathis.com,,25.164.170.140,662
649,Rosa,Langelaan,rlangelaani0@irs.gov,Female,69.93.81.90,2307
650,Leesa,Benedikt,lbenedikti1@cloudflare.com,Female,255.59.211.238,2755
651,,,abiesingeri2@reuters.com,,186.187.166.214,
652,,,apontaini3@digg.com,,126.118.240.107,2863
653,Simeon,Starbeck,sstarbecki4@so-net.ne.jp,Male,124.111.130.135,
654,,,dallpressi5@parallels.com,,247.229.166.111,111
655,Lark,MacAlpin,lmacalpini6@nih.gov,,9.110.175.189,1493
656,Diane,Wrefford,dwreffordi7@newyorker.com,,108.172.119.182,999
657,,,kartheyi8@springer.com,Female,23.26.212.4,644
658,Reamonn,Rawle,rrawlei9@guardian.co.uk,,27.225.106.101,2284
659,Gerrie,Beard,gbeardia@google.de,,254.10.181.81,970
660,,,eyegorovib@123-reg.co.uk,Male,54.230.192.12,2850
661,Bay,Munks,bmunksic@webmd.com,Male,248.84.119.71,2049
662,Casar,Treharne,ctreharneid@buzzfeed.com,Male,45.44.168.113,2081
663,Ivette,Andrys,iandrysie@indiegogo.com,Female,2.99.16.33,843
664,Bird,Woolcocks,bwoolcocksif@census.gov,,157.147.145.152,1183
665,Dar,Gravey,dgraveyig@cam.ac.uk,,10.38.183.55,759
666,Bryanty,Rosenfelt,brosenfeltih@about.com,,80.149.152.135,430
667,Shandie,Tuxell,stuxellii@webs.com,Female,58.210.195.125,1644
668,Laural,Foxcroft,lfoxcroftij@reference.com,,77.241.240.111,303
669,Eveline,Larcier,elarcierik@squarespace.com,,7.123.153.240,2323
670,,,mcrichmereil@parallels.com,Female,143.48.191.138,866
671,,,bpetyankinim@yelp.com,Male,140.165.56.228,1764
672,,,gberreyin@bigcartel.com,,251.218.29.29,1024
673,Aarika,Novotne,anovotneio@amazonaws.com,,16.180.148.160,1476
674,Kippie,Whiteley,kwhiteleyip@t-online.de,,51.54.175.70,1177
675,,,llantiffiq@posterous.com,,79.33.157.95,2961
676,,,jkarczinskiir@aboutads.info,,123.22.233.74,72
677,,,goakeis@booking.com,,7.51.193.241,1173
678,Tobe,Belhome,tbelhomeit@gov.uk,Male,234.77.25.87,2516
679,Natalie,Golsthorp,ngolsthorpiu@biglobe.ne.jp,,160.97.133.172,1191
680,Ramsay,Vanichev,rvanicheviv@theglobeandmail.com,Male,66.62.223.133,1655
681,Stirling,Breslane,sbreslaneiw@vistaprint.com,,170.126.253.95,88
682,Lacie,Linskill,llinskillix@php.net,,1.13.214.69,1672
683,Letta,Reichelt,lreicheltiy@cisco.com,Female,205.205.190.82,1531
684,,,cbirckmanniz@homestead.com,Male,119.42.12.7,1225
685,,,wmacfadyenj0@taobao.com,,251.4.94.131,1100
686,Billye,Chuney,bchuneyj1@businessweek.com,,22.86.93.150,1205
687,Bert,Castel,bcastelj2@wikipedia.org,,81.249.249.6,1459
688,,,mstonebanksj3@acquirethisname.com,,173.253.153.210,2769
689,,,tstokerj4@yandex.ru,Male,105.3.22.125,1859
690,Rachele,Leece,rleecej5@guardian.co.uk,,160.214.219.189,76
691,Nerta,Berresford,nberresfordj6@cisco.com,,205.237.173.106,663
692,Tamar,Keeffe,tkeeffej7@mediafire.com,Female,242.71.206.222,2518
693,,,toswalj8@sina.com.cn,,53.101.40.121,2443
694,Kit,Strivens,kstrivensj9@twitter.com,Male,143.241.60.7,2539
695,Malina,Caddan,mcaddanja@dyndns.org,,84.86.183.251,1865
696,Dredi,Woodington,dwoodingtonjb@nymag.com,,27.157.115.158,333
697,Darleen,Crack,dcrackjc@vk.com,,137.212.189.216,2347
698,Giuditta,O'Docherty,godochertyjd@freewebs.com,Female,222.158.141.220,46
699,Read,Turone,rturoneje@devhub.com,,187.236.230.143,2923
700,Carling,Rubinsaft,crubinsaftjf@icq.com,Male,66.244.47.210,2053
701,,,lcaudelierjg@t-online.de,Female,233.215.36.212,578
702,,,alochriejh@bloglines.com,,57.35.89.109,1151
703,Konstantine,Davidi,kdavidiji@xing.com,,121.120.104.113,2019
704,Quintilla,Tremmil,qtremmiljj@opensource.org,Female,76.223.22.103,386
705,Berti,Tewkesbury,btewkesburyjk@ycombinator.com,Female,237.67.199.216,2472
706,Drucy,Devil,ddeviljl@xinhuanet.com,Female,74.96.194.114,2861
707,Gregor,Yerbury,gyerburyjm@businessweek.com,Male,29.54.238.33,1819
708,,,ptrusteyjn@wiley.com,Male,126.250.161.226,780
709,Tommie,Peaurt,tpeaurtjo@w3.org,Female,121.67.211.118,2702
710,,,odrohanejp@goodreads.com,,94.212.242.10,262
711,Cherice,Duchan,cduchanjq@state.gov,Female,127.120.108.188,2963
712,Arvie,Kissack,akissackjr@ning.com,Male,69.181.116.210,227
713,Crystie,Linde,clindejs@tumblr.com,Female,180.72.177.58,2076
714,,,melphinstonejt@discuz.net,Female,121.63.55.28,3
715,Chelsea,Narramore,cnarramoreju@wired.com,,179.31.218.172,853
716,Dianemarie,Gillanders,dgillandersjv@opera.com,Female,135.47.84.141,1447
717,Belvia,Resdale,bresdalejw@accuweather.com,,184.156.239.9,972
718,Yankee,Sandy,ysandyjx@barnesandnoble.com,Male,132.59.154.77,734
719,,,tcransonjy@edublogs.org,Female,85.234.8.132,1763
720,Saraann,Vallance,svallancejz@businessinsider.com,Female,56.111.161.232,2699
721,Osborn,Schroder,oschroderk0@flickr.com,,151.151.214.230,408
722,Glynn,McCartan,gmccartank1@spotify.com,Male,222.124.155.77,74
723,,,gpatricksonk2@cam.ac.uk,Female,229.102.247.49,282
724,Ezequiel,Lombard,elombardk3@geocities.jp,Male,58.97.9.38,1370
725,Rebekah,Isles,rislesk4@fema.gov,Female,95.146.159.124,2105
726,Shalne,Shorton,sshortonk5@people.com.cn,,41.15.99.189,1759
727,Claiborn,Trembley,ctrembleyk6@spotify.com,,195.40.154.25,2849
728,Stanleigh,Kegan,skegank7@infoseek.co.jp,Male,107.218.119.142,214
729,Abbey,Forward,aforwardk8@issuu.com,Male,149.131.244.21,817
730,Marcelline,Frankowski,mfrankowskik9@howstuffworks.com,Female,249.55.179.197,785
731,,,emacevillyka@nba.com,Male,70.196.93.88,684
732,Benji,Bucknill,bbucknillkb@youku.com,,161.132.114.195,1877
733,,,cbrinkleykc@about.me,Female,154.191.133.172,210
734,,,vlicaskd@github.com,,46.74.183.0,
735,Braden,O'Dunniom,bodunniomke@163.com,Male,170.53.69.204,518
736,Langston,Morrilly,lmorrillykf@prlog.org,,33.186.214.100,2257
737,Marlane,Pomfret,mpomfretkg@360.cn,,216.23.9.192,1164
738,Berky,Littledyke,blittledykekh@sogou.com,,200.58.31.11,1640
739,Rosetta,Rimour,rrimourki@patch.com,,96.167.6.242,2945
740,,,kmarslandkj@sohu.com,Male,181.123.71.132,1458
741,Morgen,Bramham,mbramhamkk@ftc.gov,Male,209.114.232.135,2083
742,,,mrappportkl@dagondesign.com,,183.124.49.160,1456
743,Willard,Woltering,wwolteringkm@amazon.de,,0.90.17.4,2420
744,Cooper,Halladay,challadaykn@prweb.com,Male,124.102.86.137,2355
745,,,dellwellko@newyorker.com,,41.61.220.62,1176
746,Min,Lamkin,mlamkinkp@issuu.com,Female,61.234.111.243,1644
747,Torrance,Gladden,tgladdenkq@ezinearticles.com,,146.114.66.34,
748,Celinka,Budnik,cbudnikkr@narod.ru,Female,142.245.235.110,793
749,,,ogowthropks@prnewswire.com,,205.62.235.200,1687
750,Rickie,Thowes,rthoweskt@dmoz.org,,225.61.216.180,2133
751,Diego,Jirak,djirakku@noaa.gov,Male,15.105.41.227,1111
752,Stuart,Woodier,swoodierkv@nsw.gov.au,Male,26.138.138.27,2239
753,,,rpodburykw@tuttocitta.it,Female,254.101.198.246,1206
754,,,cdepaepekx@bizjournals.com,Male,216.102.126.234,69
755,Aileen,Bartczak,abartczakky@amazon.co.uk,,64.115.61.34,821
756,Meredeth,Openshaw,mopenshawkz@clickbank.net,,166.30.5.17,691
757,,,gkenchl0@weebly.com,,80.88.120.156,747
758,,,cglanvilll1@domainmarket.com,Female,110.51.236.150,560
759,Wilbert,Falloon,wfalloonl2@webeden.co.uk,Male,98.235.72.205,555
760,,,rsweetenl3@fc2.com,Male,50.234.65.45,1576
761,,,fheelisl4@forbes.com,Female,33.172.166.58,2600
762,,,dmckunel5@about.me,Male,136.27.56.51,421
763,Cathrine,Chaudhry,cchaudhryl6@domainmarket.com,,40.150.194.129,558
764,Siusan,Gandar,sgandarl7@php.net,,187.239.126.29,944
765,Haley,Dunkley,hdunkleyl8@twitter.com,,106.247.149.76,1321
766,Arley,O'Neil,aoneill9@si.edu,,55.241.28.156,933
767,Hilda,O'Gleasane,hogleasanela@nsw.gov.au,,224.22.214.142,1621
768,Jamill,Mabone,jmabonelb@macromedia.com,Male,6.197.19.224,96
769,,,bgroobylc@webmd.com,Female,188.211.71.144,1624
770,Darci,Orrocks,dorrocksld@freewebs.com,Female,106.225.206.132,2807
771,,,hlaugale@google.co.uk,Male,38.74.182.12,1157
772,Aldon,Lambard,alambardlf@blogs.com,Male,209.81.144.90,2101
773,,,klonglandslg@ucsd.edu,,182.185.146.47,1709
774,,,jcranglelh@pbs.org,Male,167.127.55.229,928
775,,,jbrushneenli@businessinsider.com,Male,60.129.145.135,900
776,,,ceulerlj@cmu.edu,Female,110.196.158.235,2109
777,Cherri,Donaher,cdonaherlk@home.pl,,146.191.121.55,1383
778,Fifi,Wixey,fwixeyll@businessweek.com,,25.0.61.128,1047
779,,,sdeerrlm@dagondesign.com,Female,210.196.116.77,787
780,Roxanna,Sheasby,rsheasbyln@sbwire.com,Female,69.10.221.193,1486
781,Dew,Tow,dtowlo@360.cn,Male,166.148.234.192,2590
782,Renate,Faichnie,rfaichnielp@europa.eu,,236.227.163.248,935
783,Karlotte,Harsnipe,kharsnipelq@scientificamerican.com,Female,8.98.56.36,1044
784,,,mtitterrelllr@admin.ch,,86.21.229.207,2205
785,Maudie,Bloore,mbloorels@joomla.org,Female,137.43.215.45,257
786,,,asivillslt@themeforest.net,Male,5.22.146.247,1828
787,,,rlonglandslu@sakura.ne.jp,,147.248.245.191,351
788,Claudetta,Tasch,ctaschlv@si.edu,,113.70.237.43,305
789,,,bizkovicilw@bloglines.com,Male,122.129.24.45,772
790,Martguerita,Raynor,mraynorlx@shop-pro.jp,Female,87.182.10.79,2765
791,Ermanno,Murrhardt,emurrhardtly@utexas.edu,,30.242.21.95,1626
792,Lissie,Pikett,lpikettlz@marriott.com,Female,85.96.150.145,2528
793,,,moshavlanm0@state.tx.us,,135.146.55.79,946
794,Sonnie,Marfield,smarfieldm1@theglobeandmail.com,,89.92.70.120,1677
795,Parke,Tittershill,ptittershillm2@bloglovin.com,,102.132.76.176,860
796,Caspar,Chisnell,cchisnellm3@blogs.com,Male,199.197.131.111,1740
797,Christopher,Petz,cpetzm4@flavors.me,Male,133.166.187.36,687
798,Perry,Rudgley,prudgleym5@sakura.ne.jp,,146.201.101.222,1397
799,Alano,Birchall,abirchallm6@opensource.org,Male,241.59.169.38,2004
800,Maryjane,Kybbye,mkybbyem7@boston.com,,244.32.4.13,667
801,Erek,Abbati,eabbatim8@studiopress.com,Male,161.96.152.97,2235
802,Patten,Steele,psteelem9@webs.com,,43.60.177.84,1082
803,Joyann,Moyce,jmoycema@cmu.edu,,139.31.232.248,998
804,,,jeversmb@goo.ne.jp,Male,174.109.55.233,1244
805,,,adewolfemc@google.cn,Male,133.252.252.208,873
806,Darren,Hirtzmann,dhirtzmannmd@tripod.com,,190.249.154.17,471
807,Lynnett,Rutgers,lrutgersme@hexun.com,,176.89.164.208,2186
808,Birgit,Cody,bcodymf@amazon.com,Female,218.119.57.214,359
809,Kathleen,Knowles,kknowlesmg@shareasale.com,Female,58.92.140.82,1638
810,Anestassia,Kybird,akybirdmh@nytimes.com,Female,54.248.232.220,510
811,,,msearsonmi@amazonaws.com,Male,27.135.166.199,2851
812,Gale,De Caville,gdecavillemj@163.com,Female,4.245.169.80,1983
813,Rodrique,Loveridge,rloveridgemk@hp.com,,59.232.63.121,323
814,,,cblaineml@amazon.co.jp,,253.27.116.186,2524
815,,,cclitheroemm@google.fr,,188.245.27.171,323
816,,,mdriscollmn@springer.com,,109.49.6.124,552
817,Quinton,Iwanicki,qiwanickimo@123-reg.co.uk,,220.245.231.54,738
818,,,llivettmp@webmd.com,Female,125.141.75.198,1723
819,Winston,Eyam,weyammq@ed.gov,Male,117.50.178.236,2100
820,Cori,Sherwen,csherwenmr@wisc.edu,Female,129.199.249.10,1509
821,,,dmctaguems@opera.com,,131.224.177.187,764
822,Jarrad,Troubridge,jtroubridgemt@hhs.gov,Male,88.27.7.14,2863
823,,,rpatsallmu@is.gd,,1.88.13.158,2926
824,,,bhymermv@mozilla.com,Female,161.218.14.85,1008
825,,,jelderedmw@sourceforge.net,,168.184.96.37,2412
826,Colin,Barnwall,cbarnwallmx@webnode.com,,175.60.145.243,482
827,,,pgabitismy@mac.com,,51.157.254.173,2506
828,Marven,Adolf,madolfmz@hugedomains.com,,202.141.152.252,2338
829,Lilla,Luckcuck,lluckcuckn0@nifty.com,,43.153.122.90,2399
830,,,echurchwardn1@shinystat.com,,108.127.117.179,2741
831,Elmer,Kelcher,ekelchern2@fda.gov,,205.136.189.52,636
832,Kain,Helks,khelksn3@ovh.net,Male,207.221.157.186,1717
833,,,akemittn4@yandex.ru,,186.25.12.249,2334
834,Taryn,Lidster,tlidstern5@google.es,,160.36.12.1,912
835,Antony,Kembry,akembryn6@usgs.gov,,161.248.45.246,1954
836,Merle,Campey,mcampeyn7@nymag.com,,40.43.133.127,575
837,Inessa,Tomaello,itomaellon8@dailymail.co.uk,Female,36.191.215.103,24
838,Annabel,Bircher,abirchern9@blogtalkradio.com,Female,147.0.234.132,2939
839,,,mtincknellna@ox.ac.uk,,47.208.24.59,2559
840,Farley,Hark,fharknb@networksolutions.com,,248.26.222.248,2421
841,,,jsherrocksnc@howstuffworks.com,,11.221.4.111,31
842,Matteo,Knowlman,mknowlmannd@biblegateway.com,Male,120.69.177.251,1306
843,Elaine,Goulbourn,egoulbournne@livejournal.com,Female,84.68.173.215,
844,Farr,Gothup,fgothupnf@rakuten.co.jp,,244.66.155.254,1873
845,Zarah,Ogger,zoggerng@engadget.com,,135.250.39.0,1518
846,,,kfrenschnh@nba.com,,114.113.105.92,2191
847,Lauree,Nys,lnysni@nasa.gov,,216.48.168.171,2759
848,Gwenore,Napthine,gnapthinenj@posterous.com,,173.230.101.205,659
849,Ardenia,Canti,acantink@surveymonkey.com,,143.62.36.223,118
850,,,cmaccooknl@example.com,,133.246.181.146,225
851,Geneva,Marrows,gmarrowsnm@free.fr,,18.83.7.123,2012
852,Allys,MacAindreis,amacaindreisnn@phoca.cz,,240.79.27.151,1458
853,,,mhappsno@comsenz.com,Female,135.228.227.197,1119
854,Chrysa,Mogra,cmogranp@ask.com,Female,195.251.209.138,1412
855,Madeline,Dowty,mdowtynq@soundcloud.com,Female,92.119.253.121,884
856,Tiebold,Gaskins,tgaskinsnr@quantcast.com,,50.205.247.241,1933
857,Cristie,Carmel,ccarmelns@state.gov,,209.203.111.51,7
858,Vinny,Janus,vjanusnt@cloudflare.com,,241.160.104.229,2236
859,Laetitia,Liles,llilesnu@goo.gl,Female,204.211.0.232,2967
860,Corena,Trythall,ctrythallnv@europa.eu,Female,154.157.154.113,1673
861,Sigmund,Hagwood,shagwoodnw@shareasale.com,Male,77.37.189.69,632
862,Jack,Ruzic,jruzicnx@arizona.edu,Male,211.143.87.41,2138
863,,,kstowny@altervista.org,,150.201.100.222,
864,,,gpaulusnz@printfriendly.com,Male,30.152.133.175,2615
865,Jeramie,Crosthwaite,jcrosthwaiteo0@npr.org,,33.137.238.140,2606
866,Seymour,Perell,sperello1@hugedomains.com,Male,143.203.73.204,1687
867,,,jpickleso2@webs.com,,252.8.219.158,1679
868,,,lotterwello3@netscape.com,,79.65.13.122,1637
869,Nichol,Cochrane,ncochraneo4@mlb.com,Female,65.57.208.5,888
870,,,trickeardo5@privacy.gov.au,Female,173.43.146.101,2865
871,Aurelie,Izchaki,aizchakio6@washingtonpost.com,,253.72.59.46,573
872,Clarice,Keynes,ckeyneso7@miibeian.gov.cn,,162.112.23.42,1359
873,Yolanthe,Cluley,ycluleyo8@google.ru,Female,7.128.197.160,1874
874,Elnar,Bointon,ebointono9@nih.gov,,249.34.122.33,792
875,Jorrie,Toulson,jtoulsonoa@yahoo.com,,218.220.117.150,1237
876,Tully,Tigwell,ttigwellob@craigslist.org,,114.72.219.151,1708
877,Janella,Connechy,jconnechyoc@wired.com,,121.203.6.155,2149
878,Giffie,Mangam,gmangamod@cloudflare.com,Male,45.8.8.194,1395
879,Gerri,Bremner,gbremneroe@mtv.com,,81.114.207.1,900
880,,,mdibbertof@naver.com,,196.112.211.149,1099
881,,,tderoosog@google.com.hk,,35.175.235.207,517
882,,,dstonneroh@joomla.org,,73.99.82.192,2051
883,,,mshawoi@webnode.com,,88.146.198.242,1956
884,Bartolomeo,Ganforthe,bganfortheoj@trellian.com,Male,36.227.240.96,1012
885,Alysa,Littleton,alittletonok@uol.com.br,Female,76.130.32.94,835
886,Flory,Hynson,fhynsonol@accuweather.com,Male,243.86.5.18,1261
887,Selena,Najara,snajaraom@godaddy.com,Female,146.146.28.93,987
888,Etheline,Reed,ereedon@delicious.com,Female,196.50.246.139,2927
889,Stevana,Bleasdale,sbleasdaleoo@t-online.de,Female,151.186.213.148,1735
890,Auguste,Paternoster,apaternosterop@springer.com,Female,185.18.238.190,1662
891,Syd,Szubert,sszubertoq@skype.com,Male,16.38.25.109,
892,Leila,Kezourec,lkezourecor@dedecms.com,Female,221.167.184.191,1088
893,Garv,Isles,gislesos@springer.com,Male,79.50.70.109,2744
894,,,mgierkeot@csmonitor.com,Male,0.77.100.167,1514
895,Mahalia,Casement,mcasementou@webeden.co.uk,,241.127.39.118,1291
896,Adolphe,Pitcaithly,apitcaithlyov@webmd.com,,123.134.81.86,309
897,Godfree,Hulle,ghulleow@auda.org.au,,184.59.2.234,1074
898,Idelle,Petrenko,ipetrenkoox@naver.com,,198.87.184.36,1196
899,Abdul,Lewinton,alewintonoy@people.com.cn,Male,135.90.184.103,985
900,Torie,Quig,tquigoz@msu.edu,,107.33.219.178,2236
901,Charmaine,Toplis,ctoplisp0@virginia.edu,,187.38.36.27,1227
902,Linnea,Lundberg,llundbergp1@seesaa.net,Female,6.149.163.23,207
903,,,arussip2@intel.com,,12.163.148.118,138
904,Andy,Lanchester,alanchesterp3@craigslist.org,,20.158.244.21,1735
905,Sheila,Petruska,spetruskap4@wikispaces.com,Female,161.95.66.191,1972
906,,,isysonp5@parallels.com,,207.165.104.18,2231
907,Erin,Fulop,efulopp6@answers.com,Male,146.71.120.49,671
908,Ev,Saddington,esaddingtonp7@home.pl,,143.61.31.134,2141
909,Beale,Caskey,bcaskeyp8@home.pl,Male,60.24.53.121,550
910,,,abannp9@google.ca,,9.185.215.198,2939
911,,,isircombepa@yahoo.co.jp,,26.134.69.204,2298
912,Sergio,Phoenix,sphoenixpb@cbc.ca,,19.28.205.197,2790
913,Ralph,Ratchford,rratchfordpc@cbslocal.com,,197.198.120.98,2916
914,Louie,Irwin,lirwinpd@intel.com,Male,105.121.24.166,1116
915,,,bhunepe@utexas.edu,Male,176.86.44.7,1477
916,Maurene,Fairbrother,mfairbrotherpf@virginia.edu,Female,42.253.123.111,1248
917,,,gtoraldpg@engadget.com,Male,58.85.47.45,543
918,,,edevonishph@sina.com.cn,,137.206.206.122,2056
919,,,haucuttpi@mac.com,Male,29.135.195.30,1831
920,Katti,Wharrier,kwharrierpj@zdnet.com,,88.98.63.173,1867
921,,,reastampk@yahoo.co.jp,Male,124.253.169.197,1195
922,Rusty,Sakins,rsakinspl@who.int,Male,26.225.250.126,123
923,,,mmcgooganpm@posterous.com,,120.24.159.37,2111
924,,,csamwayespn@squarespace.com,,53.226.247.86,392
925,Randolf,Joisce,rjoiscepo@cam.ac.uk,Male,132.94.241.210,994
926,Kassi,Hawkswell,khawkswellpp@live.com,Female,154.100.57.123,1525
927,Belle,Borrowman,bborrowmanpq@marriott.com,Female,0.142.51.20,2439
928,Layton,Peachman,lpeachmanpr@yale.edu,Male,97.123.26.119,356
929,Cora,Jurisic,cjurisicps@ucsd.edu,Female,157.170.163.134,2021
930,Kirsten,McWilliams,kmcwilliamspt@sitemeter.com,,27.103.36.128,1769
931,,,ghowattpu@shinystat.com,Female,34.81.146.131,254
932,Boony,Burleigh,bburleighpv@cargocollective.com,Male,31.81.139.153,2435
933,Madelon,Claiton,mclaitonpw@vkontakte.ru,Female,217.200.167.119,1721
934,Demetre,Fasham,dfashampx@geocities.jp,,125.170.212.58,1699
935,,,iprodrickpy@mit.edu,Female,114.239.35.105,258
936,,,mesposipz@businesswire.com,Male,18.104.229.198,1955
937,Bary,Penley,bpenleyq0@technorati.com,Male,116.142.34.207,1066
938,,,msoldnerq1@cdc.gov,Male,14.172.234.148,1999
939,,,hvyseq2@ebay.co.uk,Female,30.185.10.161,1098
940,Genny,Trench,gtrenchq3@meetup.com,Female,112.5.167.227,1424
941,Jeffy,Ivanichev,jivanichevq4@rediff.com,,196.153.33.238,239
942,Saunderson,McGrath,smcgrathq5@mlb.com,,57.115.251.49,195
943,Geri,Battye,gbattyeq6@php.net,Female,6.73.20.104,2501
944,Roselle,Pudding,rpuddingq7@mozilla.org,Female,151.35.160.162,399
945,April,Saing,asaingq8@desdev.cn,,183.43.228.251,545
946,Kliment,Coucha,kcouchaq9@loc.gov,Male,251.114.48.32,106
947,Stefanie,Broun,sbrounqa@hp.com,,7.38.224.132,962
948,,,easlieqb@paginegialle.it,Male,94.58.44.208,2631
949,,,dpetoqc@printfriendly.com,Female,239.149.152.227,1848
950,,,mdorberqd@guardian.co.uk,Female,63.165.211.52,2060
951,Karrah,Campbell,kcampbellqe@uol.com.br,,254.70.207.27,645
952,Horton,Coopman,hcoopmanqf@youtube.com,Male,225.226.41.238,2469
953,,,mjasperqg@tuttocitta.it,,80.142.171.86,2341
954,,,teareyqh@apache.org,,209.172.93.44,2832
955,Dionysus,Miskimmon,dmiskimmonqi@jiathis.com,,46.73.117.214,2500
956,,,nlangtonqj@usgs.gov,,2.145.211.166,1862
957,Penelope,Cullimore,pcullimoreqk@i2i.jp,,195.181.70.224,2853
958,,,gfianderql@house.gov,,91.66.134.230,1038
959,,,fdaffernqm@webmd.com,,161.186.21.119,2087
960,Jacques,Bandiera,jbandieraqn@xrea.com,Male,70.198.60.16,1017
961,Cherri,Weben,cwebenqo@paypal.com,,28.72.249.71,1951
962,Dimitry,Senior,dseniorqp@1und1.de,Male,48.199.182.122,1563
963,Curtice,Aronstein,caronsteinqq@bing.com,Male,58.214.166.240,2243
964,,,chillyattqr@skype.com,,237.118.34.154,517
965,,,fadgerqs@netvibes.com,Female,255.21.5.249,1479
966,Ricardo,Stannis,rstannisqt@elegantthemes.com,Male,10.103.9.44,2462
967,Nataline,Cowterd,ncowterdqu@edublogs.org,,163.36.46.30,1032
968,Fenelia,Thouless,fthoulessqv@goo.ne.jp,Female,176.69.153.139,2098
969,Sissie,Spilsbury,sspilsburyqw@sogou.com,Female,30.84.20.5,2088
970,Marlane,Bootland,mbootlandqx@ifeng.com,,35.216.248.26,2108
971,Lottie,Balazs,lbalazsqy@csmonitor.com,,100.150.107.51,
972,Pieter,Menichillo,pmenichilloqz@nbcnews.com,,243.117.239.17,433
973,,,gafieldr0@issuu.com,,162.0.247.127,548
974,Aleda,Heynen,aheynenr1@utexas.edu,,110.183.213.194,2397
975,,,aplacer2@soundcloud.com,Female,145.209.208.67,786
976,,,fungarettir3@intel.com,Male,41.42.15.206,580
977,Bartholomeus,Caffin,bcaffinr4@archive.org,Male,137.38.182.71,1002
978,,,cbudgetr5@ameblo.jp,,192.7.248.200,1577
979,Bobbie,Huitt,bhuittr6@rakuten.co.jp,,13.123.148.165,1259
980,,,gmitchelyr7@disqus.com,Female,198.5.150.133,2194
981,Benedick,Boord,bboordr8@opensource.org,,200.121.200.236,2083
982,,,kautinr9@omniture.com,Male,242.236.216.114,2656
983,Vic,Dutton,vduttonra@senate.gov,Male,201.246.1.125,2250
984,Christan,McSperron,cmcsperronrb@businessweek.com,Female,243.16.29.144,2643
985,Hunt,St. John,hstjohnrc@ihg.com,,106.99.198.50,941
986,Aylmar,Bridson,abridsonrd@loc.gov,Male,222.88.182.120,772
987,Kerianne,Cridlin,kcridlinre@admin.ch,,29.1.132.189,1509
988,Dinnie,Bendik,dbendikrf@samsung.com,Female,49.41.36.231,1616
989,Joelle,Grahame,jgrahamerg@comsenz.com,,7.236.70.105,2656
990,Cristabel,Vedyaev,cvedyaevrh@omniture.com,Female,48.203.12.64,2279
991,Burl,Mardee,bmardeeri@va.gov,,43.131.91.119,1611
992,Alfi,Hafford,ahaffordrj@wunderground.com,,22.52.53.51,1961
993,Nancey,Goldsby,ngoldsbyrk@163.com,Female,86.142.91.166,1455
994,,,ihebblewaiterl@vimeo.com,Male,14.117.132.195,1963
995,,,hlowethrm@army.mil,Female,104.234.36.172,747
996,Averil,Pickover,apickoverrn@vk.com,Male,10.45.16.167,1305
997,Walton,Hallewell,whallewellro@nasa.gov,,231.224.238.232,2531
998,,,ggallamorerp@meetup.com,Female,118.65.94.40,
999,Sapphira,Terron,sterronrq@wordpress.org,,24.77.234.208,250
1000,,,jandreuzzirr@paginegialle.it,Male,211.136.66.144,2389
